distrito17,seccion,distrito12,cab
9,1,9,puente de ixtla
9,2,9,puente de ixtla
9,3,9,puente de ixtla
9,4,9,puente de ixtla
9,5,9,puente de ixtla
9,6,9,puente de ixtla
9,7,9,puente de ixtla
9,8,9,puente de ixtla
9,9,9,puente de ixtla
9,10,9,puente de ixtla
9,11,9,puente de ixtla
4,12,13,yecapixtla
4,13,13,yecapixtla
4,14,13,yecapixtla
4,15,13,yecapixtla
4,16,13,yecapixtla
4,17,13,yecapixtla
4,18,13,yecapixtla
4,19,13,yecapixtla
4,20,13,yecapixtla
4,21,13,yecapixtla
4,22,13,yecapixtla
4,23,13,yecapixtla
11,24,18,jojutla
11,25,18,jojutla
11,26,18,jojutla
11,27,18,jojutla
11,28,18,jojutla
11,29,18,jojutla
11,30,18,jojutla
11,31,18,jojutla
11,32,18,jojutla
11,33,18,jojutla
11,34,18,jojutla
11,35,18,jojutla
11,36,18,jojutla
11,37,18,jojutla
11,38,18,jojutla
11,39,18,jojutla
11,40,18,jojutla
11,41,18,jojutla
11,42,18,jojutla
11,43,18,jojutla
10,44,16,ayala
10,45,16,ayala
10,46,16,ayala
10,47,16,ayala
10,48,16,ayala
10,49,16,ayala
10,50,16,ayala
10,51,16,ayala
10,52,16,ayala
10,53,16,ayala
10,54,16,ayala
10,55,16,ayala
10,56,16,ayala
10,57,16,ayala
10,58,16,ayala
10,59,16,ayala
10,60,16,ayala
10,61,16,ayala
10,62,16,ayala
10,63,16,ayala
10,64,16,ayala
10,65,16,ayala
10,66,16,ayala
10,67,16,ayala
10,68,16,ayala
10,69,16,ayala
10,70,16,ayala
10,71,16,ayala
10,72,16,ayala
10,73,16,ayala
10,74,16,ayala
10,75,16,ayala
10,76,16,ayala
10,77,16,ayala
10,78,16,ayala
10,79,16,ayala
10,80,16,ayala
10,81,16,ayala
10,82,16,ayala
10,83,16,ayala
10,84,16,ayala
10,85,16,ayala
9,86,8,puente de ixtla
9,87,8,puente de ixtla
9,88,8,puente de ixtla
9,89,8,puente de ixtla
9,90,8,puente de ixtla
9,91,8,puente de ixtla
9,92,8,puente de ixtla
9,93,8,puente de ixtla
9,94,8,puente de ixtla
9,95,8,puente de ixtla
9,96,8,puente de ixtla
4,97,14,yecapixtla
4,98,14,yecapixtla
4,99,14,yecapixtla
4,100,14,yecapixtla
4,101,14,yecapixtla
4,102,14,yecapixtla
7,103,14,cuautla
7,104,14,cuautla
7,105,14,cuautla
7,106,14,cuautla
7,107,14,cuautla
7,108,14,cuautla
7,109,14,cuautla
7,110,14,cuautla
7,111,14,cuautla
7,112,14,cuautla
7,113,14,cuautla
7,114,14,cuautla
7,115,14,cuautla
7,116,14,cuautla
7,117,14,cuautla
7,118,14,cuautla
7,119,14,cuautla
7,120,14,cuautla
7,121,14,cuautla
7,122,14,cuautla
7,123,14,cuautla
7,124,14,cuautla
7,125,14,cuautla
7,126,14,cuautla
7,127,14,cuautla
7,128,14,cuautla
7,129,14,cuautla
7,130,14,cuautla
7,131,14,cuautla
7,132,14,cuautla
7,133,14,cuautla
7,134,14,cuautla
7,135,14,cuautla
7,136,15,cuautla
7,137,15,cuautla
7,138,15,cuautla
7,139,15,cuautla
7,140,14,cuautla
7,141,14,cuautla
7,142,14,cuautla
7,143,15,cuautla
7,144,15,cuautla
7,145,15,cuautla
7,146,15,cuautla
7,147,15,cuautla
7,148,15,cuautla
7,149,15,cuautla
7,150,15,cuautla
7,151,15,cuautla
7,152,15,cuautla
7,153,15,cuautla
7,154,15,cuautla
7,155,15,cuautla
7,156,15,cuautla
7,157,15,cuautla
7,158,15,cuautla
7,159,15,cuautla
7,160,15,cuautla
7,161,15,cuautla
7,162,15,cuautla
7,163,15,cuautla
7,164,15,cuautla
7,165,15,cuautla
7,166,15,cuautla
7,167,15,cuautla
7,168,15,cuautla
7,169,15,cuautla
7,170,15,cuautla
7,171,15,cuautla
7,172,15,cuautla
7,173,15,cuautla
7,174,15,cuautla
7,175,15,cuautla
7,176,15,cuautla
7,177,15,cuautla
7,178,15,cuautla
7,179,15,cuautla
7,180,15,cuautla
4,181,14,yecapixtla
7,182,14,cuautla
7,183,14,cuautla
7,184,14,cuautla
7,185,15,cuautla
7,186,15,cuautla
7,187,15,cuautla
2,188,1,cuernavaca
1,189,1,cuernavaca
1,190,1,cuernavaca
1,191,1,cuernavaca
1,192,1,cuernavaca
1,193,1,cuernavaca
1,194,2,cuernavaca
1,195,2,cuernavaca
1,196,2,cuernavaca
1,197,2,cuernavaca
1,198,2,cuernavaca
1,199,2,cuernavaca
1,200,1,cuernavaca
1,201,1,cuernavaca
1,202,1,cuernavaca
1,203,1,cuernavaca
1,204,1,cuernavaca
1,205,1,cuernavaca
2,206,1,cuernavaca
2,207,1,cuernavaca
2,208,1,cuernavaca
2,209,1,cuernavaca
2,210,1,cuernavaca
2,211,1,cuernavaca
1,212,1,cuernavaca
1,213,1,cuernavaca
1,214,1,cuernavaca
1,215,1,cuernavaca
1,216,1,cuernavaca
1,217,1,cuernavaca
1,218,1,cuernavaca
1,219,2,cuernavaca
1,220,2,cuernavaca
1,221,2,cuernavaca
1,222,2,cuernavaca
1,223,2,cuernavaca
1,224,2,cuernavaca
1,225,2,cuernavaca
1,226,2,cuernavaca
1,227,2,cuernavaca
1,228,2,cuernavaca
1,229,2,cuernavaca
1,230,2,cuernavaca
1,231,1,cuernavaca
1,232,1,cuernavaca
1,233,1,cuernavaca
1,234,1,cuernavaca
1,235,1,cuernavaca
1,236,1,cuernavaca
1,237,1,cuernavaca
2,238,1,cuernavaca
2,239,1,cuernavaca
2,240,1,cuernavaca
2,241,1,cuernavaca
2,242,1,cuernavaca
2,243,1,cuernavaca
2,244,3,cuernavaca
1,245,3,cuernavaca
1,246,3,cuernavaca
1,247,3,cuernavaca
1,248,3,cuernavaca
1,249,3,cuernavaca
1,250,3,cuernavaca
1,251,2,cuernavaca
1,252,2,cuernavaca
1,253,2,cuernavaca
1,254,2,cuernavaca
1,255,2,cuernavaca
3,256,2,tepoztlán
3,257,2,tepoztlán
3,258,2,tepoztlán
3,259,2,tepoztlán
3,260,2,tepoztlán
3,261,2,tepoztlán
1,262,2,cuernavaca
1,263,2,cuernavaca
1,264,2,cuernavaca
1,265,2,cuernavaca
1,266,3,cuernavaca
1,267,3,cuernavaca
1,268,3,cuernavaca
1,269,3,cuernavaca
1,270,3,cuernavaca
2,271,3,cuernavaca
2,272,1,cuernavaca
2,273,3,cuernavaca
2,274,3,cuernavaca
2,275,3,cuernavaca
2,276,3,cuernavaca
2,277,3,cuernavaca
1,278,3,cuernavaca
1,279,3,cuernavaca
1,280,3,cuernavaca
1,281,2,cuernavaca
3,282,2,tepoztlán
3,283,2,tepoztlán
3,284,2,tepoztlán
3,285,2,tepoztlán
3,286,2,tepoztlán
3,287,2,tepoztlán
3,288,2,tepoztlán
1,289,2,cuernavaca
1,290,2,cuernavaca
1,291,2,cuernavaca
1,292,3,cuernavaca
1,293,3,cuernavaca
2,294,3,cuernavaca
2,295,3,cuernavaca
2,296,3,cuernavaca
2,297,3,cuernavaca
2,298,3,cuernavaca
2,299,3,cuernavaca
2,300,3,cuernavaca
2,301,3,cuernavaca
1,302,3,cuernavaca
1,303,3,cuernavaca
1,304,3,cuernavaca
3,305,2,tepoztlán
3,306,2,tepoztlán
3,307,2,tepoztlán
3,308,2,tepoztlán
3,309,2,tepoztlán
3,310,2,tepoztlán
2,311,3,cuernavaca
2,312,3,cuernavaca
2,313,3,cuernavaca
2,314,3,cuernavaca
2,315,3,cuernavaca
2,316,1,cuernavaca
2,317,1,cuernavaca
2,318,3,cuernavaca
2,319,3,cuernavaca
2,320,1,cuernavaca
2,321,3,cuernavaca
2,322,3,cuernavaca
2,323,3,cuernavaca
2,324,3,cuernavaca
2,325,3,cuernavaca
2,326,3,cuernavaca
2,327,4,cuernavaca
2,328,4,cuernavaca
2,329,4,cuernavaca
2,330,4,cuernavaca
3,331,4,tepoztlán
3,332,4,tepoztlán
3,333,4,tepoztlán
3,334,4,tepoztlán
3,335,4,tepoztlán
3,336,4,tepoztlán
3,337,4,tepoztlán
3,338,4,tepoztlán
3,339,4,tepoztlán
3,340,4,tepoztlán
3,341,4,tepoztlán
3,342,4,tepoztlán
2,343,4,cuernavaca
2,344,4,cuernavaca
2,345,4,cuernavaca
2,346,3,cuernavaca
2,347,3,cuernavaca
2,348,4,cuernavaca
2,349,3,cuernavaca
2,350,4,cuernavaca
2,351,4,cuernavaca
2,352,4,cuernavaca
2,353,4,cuernavaca
2,354,4,cuernavaca
2,355,4,cuernavaca
2,356,4,cuernavaca
2,357,4,cuernavaca
2,358,4,cuernavaca
3,359,4,tepoztlán
3,360,4,tepoztlán
2,361,4,cuernavaca
2,362,4,cuernavaca
2,363,4,cuernavaca
2,364,4,cuernavaca
2,365,4,cuernavaca
2,366,4,cuernavaca
2,367,4,cuernavaca
2,368,4,cuernavaca
2,369,4,cuernavaca
2,370,4,cuernavaca
2,371,4,cuernavaca
2,372,4,cuernavaca
2,373,4,cuernavaca
2,374,4,cuernavaca
2,375,4,cuernavaca
2,376,4,cuernavaca
2,377,4,cuernavaca
2,378,4,cuernavaca
2,379,4,cuernavaca
2,380,4,cuernavaca
2,381,4,cuernavaca
2,382,4,cuernavaca
2,383,4,cuernavaca
2,384,4,cuernavaca
2,385,4,cuernavaca
2,386,4,cuernavaca
5,387,4,temixco
5,388,4,temixco
2,389,1,cuernavaca
1,390,1,cuernavaca
8,391,5,xochitepec
8,392,5,xochitepec
8,393,5,xochitepec
8,394,5,xochitepec
8,395,5,xochitepec
8,396,5,xochitepec
8,397,5,xochitepec
8,398,5,xochitepec
8,399,5,xochitepec
8,400,5,xochitepec
8,401,5,xochitepec
8,402,5,xochitepec
8,403,5,xochitepec
8,404,5,xochitepec
8,405,5,xochitepec
8,406,5,xochitepec
8,407,5,xochitepec
8,408,5,xochitepec
8,409,5,xochitepec
8,410,5,xochitepec
8,411,5,xochitepec
3,412,1,tepoztlán
3,413,1,tepoztlán
3,414,1,tepoztlán
3,415,1,tepoztlán
3,416,1,tepoztlán
3,417,1,tepoztlán
3,418,1,tepoztlán
3,419,1,tepoztlán
3,420,1,tepoztlán
3,421,1,tepoztlán
3,422,1,tepoztlán
10,423,18,ayala
10,424,18,ayala
10,425,18,ayala
10,426,18,ayala
10,427,18,ayala
10,428,18,ayala
10,429,18,ayala
10,430,18,ayala
6,431,6,jiutepec
6,432,6,jiutepec
6,433,6,jiutepec
6,434,6,jiutepec
6,435,6,jiutepec
6,436,6,jiutepec
6,437,6,jiutepec
6,438,6,jiutepec
6,439,6,jiutepec
6,440,6,jiutepec
6,441,6,jiutepec
6,442,6,jiutepec
6,443,6,jiutepec
6,444,6,jiutepec
6,445,6,jiutepec
6,446,6,jiutepec
6,447,6,jiutepec
6,448,7,jiutepec
6,449,7,jiutepec
6,450,7,jiutepec
6,451,6,jiutepec
6,452,6,jiutepec
6,453,6,jiutepec
6,454,6,jiutepec
12,455,6,yautepec
12,456,6,yautepec
6,457,6,jiutepec
6,458,6,jiutepec
6,459,6,jiutepec
6,460,6,jiutepec
6,461,6,jiutepec
6,462,6,jiutepec
6,463,6,jiutepec
6,464,6,jiutepec
12,465,6,yautepec
6,466,7,jiutepec
6,467,7,jiutepec
6,468,7,jiutepec
6,469,7,jiutepec
6,470,7,jiutepec
6,471,7,jiutepec
6,472,7,jiutepec
6,473,7,jiutepec
6,474,7,jiutepec
6,475,7,jiutepec
12,476,7,yautepec
6,477,7,jiutepec
6,478,7,jiutepec
6,479,7,jiutepec
6,480,7,jiutepec
6,481,7,jiutepec
6,482,7,jiutepec
6,483,7,jiutepec
6,484,7,jiutepec
6,485,7,jiutepec
6,486,7,jiutepec
12,487,6,yautepec
12,488,7,yautepec
12,489,7,yautepec
12,490,7,yautepec
12,491,7,yautepec
12,492,7,yautepec
12,493,7,yautepec
12,494,7,yautepec
12,495,7,yautepec
12,496,7,yautepec
6,497,7,jiutepec
6,498,7,jiutepec
6,499,7,jiutepec
6,500,7,jiutepec
11,501,11,jojutla
11,502,11,jojutla
11,503,11,jojutla
11,504,11,jojutla
11,505,11,jojutla
11,506,11,jojutla
11,507,11,jojutla
11,508,11,jojutla
11,509,11,jojutla
11,510,11,jojutla
11,511,11,jojutla
11,512,11,jojutla
11,513,11,jojutla
11,514,11,jojutla
11,515,11,jojutla
11,516,11,jojutla
11,517,11,jojutla
11,518,11,jojutla
11,519,11,jojutla
11,520,11,jojutla
11,521,11,jojutla
11,522,11,jojutla
11,523,11,jojutla
11,524,11,jojutla
11,525,11,jojutla
11,526,11,jojutla
11,527,11,jojutla
11,528,11,jojutla
11,529,11,jojutla
11,530,11,jojutla
11,531,11,jojutla
11,532,11,jojutla
11,533,11,jojutla
11,534,11,jojutla
11,535,11,jojutla
11,536,11,jojutla
10,537,18,ayala
10,538,18,ayala
10,539,18,ayala
10,540,18,ayala
10,541,18,ayala
10,542,18,ayala
10,543,18,ayala
10,544,18,ayala
10,545,18,ayala
10,546,18,ayala
10,547,18,ayala
9,548,8,puente de ixtla
9,549,8,puente de ixtla
9,550,8,puente de ixtla
9,551,8,puente de ixtla
9,552,8,puente de ixtla
9,553,8,puente de ixtla
9,554,8,puente de ixtla
5,555,8,temixco
5,556,8,temixco
5,557,8,temixco
5,558,8,temixco
5,559,8,temixco
5,560,8,temixco
5,561,8,temixco
5,562,8,temixco
5,563,8,temixco
5,564,8,temixco
5,565,8,temixco
5,566,8,temixco
5,567,8,temixco
5,568,8,temixco
4,569,17,yecapixtla
4,570,17,yecapixtla
4,571,17,yecapixtla
4,572,17,yecapixtla
4,573,17,yecapixtla
4,574,17,yecapixtla
4,575,17,yecapixtla
4,576,17,yecapixtla
4,577,17,yecapixtla
4,578,17,yecapixtla
9,579,9,puente de ixtla
9,580,9,puente de ixtla
9,581,9,puente de ixtla
9,582,9,puente de ixtla
9,583,9,puente de ixtla
9,584,9,puente de ixtla
9,585,9,puente de ixtla
9,586,9,puente de ixtla
9,587,9,puente de ixtla
9,588,9,puente de ixtla
9,589,9,puente de ixtla
9,590,9,puente de ixtla
9,591,9,puente de ixtla
9,592,9,puente de ixtla
9,593,9,puente de ixtla
9,594,9,puente de ixtla
9,595,9,puente de ixtla
9,596,9,puente de ixtla
9,597,9,puente de ixtla
9,598,9,puente de ixtla
9,599,9,puente de ixtla
9,600,9,puente de ixtla
9,601,9,puente de ixtla
9,602,9,puente de ixtla
9,603,9,puente de ixtla
9,604,9,puente de ixtla
9,605,9,puente de ixtla
9,606,9,puente de ixtla
9,607,9,puente de ixtla
9,608,9,puente de ixtla
9,609,9,puente de ixtla
9,610,9,puente de ixtla
5,611,5,temixco
2,612,4,cuernavaca
5,613,5,temixco
5,614,5,temixco
5,615,5,temixco
5,616,5,temixco
5,617,5,temixco
5,618,5,temixco
5,619,5,temixco
5,620,5,temixco
5,621,5,temixco
5,622,5,temixco
5,623,5,temixco
5,624,5,temixco
5,625,5,temixco
5,626,5,temixco
5,627,5,temixco
5,628,5,temixco
5,629,5,temixco
5,630,5,temixco
5,631,5,temixco
5,632,5,temixco
5,633,5,temixco
5,634,5,temixco
5,635,5,temixco
5,636,5,temixco
5,637,5,temixco
5,638,5,temixco
5,639,5,temixco
5,640,5,temixco
5,641,5,temixco
5,642,5,temixco
5,643,5,temixco
5,644,5,temixco
5,645,5,temixco
5,646,5,temixco
5,647,5,temixco
5,648,5,temixco
5,649,5,temixco
5,650,5,temixco
5,651,5,temixco
5,652,5,temixco
5,653,5,temixco
11,654,18,jojutla
11,655,18,jojutla
11,656,18,jojutla
11,657,18,jojutla
11,658,18,jojutla
11,659,18,jojutla
11,660,18,jojutla
11,661,18,jojutla
11,662,18,jojutla
11,663,18,jojutla
11,664,18,jojutla
11,665,18,jojutla
11,666,18,jojutla
11,667,18,jojutla
11,668,18,jojutla
11,669,18,jojutla
3,670,12,tepoztlán
3,671,12,tepoztlán
3,672,12,tepoztlán
3,673,12,tepoztlán
3,674,12,tepoztlán
3,675,12,tepoztlán
3,676,12,tepoztlán
3,677,12,tepoztlán
3,678,12,tepoztlán
3,679,12,tepoztlán
3,680,12,tepoztlán
3,681,12,tepoztlán
3,682,12,tepoztlán
3,683,12,tepoztlán
3,684,12,tepoztlán
3,685,12,tepoztlán
3,686,12,tepoztlán
3,687,12,tepoztlán
3,688,12,tepoztlán
9,689,8,puente de ixtla
9,690,8,puente de ixtla
9,691,8,puente de ixtla
9,692,8,puente de ixtla
9,693,8,puente de ixtla
9,694,8,puente de ixtla
4,695,17,yecapixtla
4,696,17,yecapixtla
4,697,17,yecapixtla
4,698,17,yecapixtla
4,699,17,yecapixtla
4,700,17,yecapixtla
4,701,17,yecapixtla
4,702,17,yecapixtla
3,703,13,tepoztlán
3,704,13,tepoztlán
3,705,13,tepoztlán
3,706,13,tepoztlán
10,707,10,ayala
10,708,10,ayala
10,709,10,ayala
10,710,10,ayala
10,711,10,ayala
10,712,10,ayala
10,713,10,ayala
10,714,10,ayala
10,715,10,ayala
10,716,10,ayala
10,717,10,ayala
10,718,10,ayala
10,719,10,ayala
10,720,10,ayala
10,721,10,ayala
10,722,10,ayala
10,723,10,ayala
10,724,10,ayala
10,725,10,ayala
10,726,10,ayala
10,727,10,ayala
10,728,10,ayala
10,729,10,ayala
10,730,10,ayala
10,731,10,ayala
10,732,10,ayala
10,733,10,ayala
11,734,11,jojutla
11,735,11,jojutla
11,736,11,jojutla
11,737,11,jojutla
11,738,11,jojutla
11,739,11,jojutla
11,740,11,jojutla
11,741,11,jojutla
11,742,11,jojutla
11,743,11,jojutla
11,744,11,jojutla
11,745,11,jojutla
11,746,11,jojutla
11,747,11,jojutla
11,748,11,jojutla
11,749,11,jojutla
11,750,11,jojutla
11,751,11,jojutla
11,752,11,jojutla
11,753,11,jojutla
11,754,11,jojutla
11,755,11,jojutla
11,756,11,jojutla
11,757,11,jojutla
11,758,11,jojutla
11,759,11,jojutla
3,760,13,tepoztlán
3,761,13,tepoztlán
3,762,13,tepoztlán
3,763,13,tepoztlán
3,764,13,tepoztlán
3,765,13,tepoztlán
3,766,13,tepoztlán
3,767,13,tepoztlán
3,768,13,tepoztlán
3,769,13,tepoztlán
3,770,13,tepoztlán
3,771,13,tepoztlán
3,772,13,tepoztlán
3,773,13,tepoztlán
3,774,13,tepoztlán
3,775,13,tepoztlán
8,776,8,xochitepec
8,777,8,xochitepec
8,778,8,xochitepec
8,779,8,xochitepec
8,780,8,xochitepec
8,781,8,xochitepec
8,782,8,xochitepec
8,783,8,xochitepec
8,784,8,xochitepec
8,785,8,xochitepec
8,786,8,xochitepec
8,787,8,xochitepec
8,788,8,xochitepec
8,789,8,xochitepec
8,790,8,xochitepec
8,791,8,xochitepec
8,792,8,xochitepec
8,793,8,xochitepec
8,794,8,xochitepec
8,795,8,xochitepec
8,796,8,xochitepec
8,797,8,xochitepec
8,798,8,xochitepec
12,799,12,yautepec
12,800,12,yautepec
12,801,12,yautepec
12,802,12,yautepec
12,803,12,yautepec
12,804,12,yautepec
12,805,12,yautepec
12,806,12,yautepec
12,807,12,yautepec
12,808,12,yautepec
12,809,12,yautepec
12,810,12,yautepec
12,811,12,yautepec
12,812,12,yautepec
12,813,12,yautepec
12,814,12,yautepec
12,815,12,yautepec
12,816,12,yautepec
12,817,12,yautepec
12,818,12,yautepec
12,819,12,yautepec
12,820,12,yautepec
12,821,12,yautepec
12,822,12,yautepec
12,823,12,yautepec
12,824,12,yautepec
12,825,12,yautepec
12,826,12,yautepec
12,827,12,yautepec
12,828,13,yautepec
12,829,13,yautepec
12,830,13,yautepec
12,831,13,yautepec
12,832,13,yautepec
12,833,13,yautepec
12,834,13,yautepec
12,835,13,yautepec
12,836,13,yautepec
12,837,13,yautepec
12,838,13,yautepec
12,839,13,yautepec
12,840,13,yautepec
12,841,13,yautepec
12,842,13,yautepec
12,843,13,yautepec
12,844,13,yautepec
12,845,13,yautepec
12,846,13,yautepec
12,847,13,yautepec
12,848,12,yautepec
12,849,12,yautepec
4,850,17,yecapixtla
4,851,17,yecapixtla
4,852,17,yecapixtla
4,853,17,yecapixtla
4,854,17,yecapixtla
4,855,17,yecapixtla
4,856,17,yecapixtla
4,857,17,yecapixtla
4,858,17,yecapixtla
4,859,17,yecapixtla
4,860,17,yecapixtla
4,861,17,yecapixtla
4,862,17,yecapixtla
4,863,17,yecapixtla
4,864,17,yecapixtla
4,865,17,yecapixtla
4,866,17,yecapixtla
4,867,17,yecapixtla
4,868,17,yecapixtla
9,869,10,puente de ixtla
9,870,10,puente de ixtla
9,871,10,puente de ixtla
9,872,10,puente de ixtla
9,873,10,puente de ixtla
9,874,10,puente de ixtla
9,875,10,puente de ixtla
9,876,10,puente de ixtla
9,877,10,puente de ixtla
9,878,10,puente de ixtla
9,879,10,puente de ixtla
9,880,10,puente de ixtla
9,881,10,puente de ixtla
9,882,10,puente de ixtla
9,883,10,puente de ixtla
9,884,10,puente de ixtla
9,885,10,puente de ixtla
9,886,10,puente de ixtla
9,887,10,puente de ixtla
9,888,10,puente de ixtla
9,889,10,puente de ixtla
9,890,10,puente de ixtla
9,891,10,puente de ixtla
9,892,10,puente de ixtla
9,893,10,puente de ixtla
9,894,10,puente de ixtla
4,895,17,yecapixtla
4,896,17,yecapixtla
4,897,17,yecapixtla
4,898,17,yecapixtla
4,899,17,yecapixtla
4,900,17,yecapixtla
4,901,18,yecapixtla
4,902,18,yecapixtla
4,903,18,yecapixtla
4,904,18,yecapixtla
4,905,18,yecapixtla
4,906,18,yecapixtla
2,907,4,cuernavaca
