,Municipio,Demarcación,Sección,Localidad,,
,Acaponeta,1,1,Acaponeta,,
,Acaponeta,1,8,Acaponeta,,
,Acaponeta,1,9,Acaponeta,,
,Acaponeta,1,10,Acaponeta,,
,Acaponeta,2,2,Acaponeta,,
,Acaponeta,2,3,Acaponeta,,
,Acaponeta,2,4,Acaponeta,,
,Acaponeta,2,24,El Recodo,,
,Acaponeta,3,5,Acaponeta,,
,Acaponeta,3,6,Acaponeta,,
,Acaponeta,3,7,Acaponeta,,
,Acaponeta,3,11,Acaponeta,,
,Acaponeta,3,12,Acaponeta,,
,Acaponeta,3,13,Acaponeta,,
,Acaponeta,4,14,Acaponeta,,
,Acaponeta,4,15,Acaponeta,,
,Acaponeta,4,16,Acaponeta,,
,Acaponeta,4,17,Acaponeta,,
,Acaponeta,4,18,Acaponeta,,
,Acaponeta,5,19,El Tacote,,
,Acaponeta,5,20,Cerro Bola,,
,Acaponeta,5,21,El Aguaje,,
,Acaponeta,5,22,Valle de la Urraca,,
,Acaponeta,5,23,La Bayona,,
,Acaponeta,5,33,San José de Gracia,,
,Acaponeta,5,34,Buenavista,,
,Acaponeta,5,34,La Higuera Nueva,,
,Acaponeta,5,36,El Tigre,,
,Acaponeta,5,37,El Cantón,,
,Acaponeta,6,38,Sayulilla,,
,Acaponeta,6,39,Sayulilla,,
,Acaponeta,6,40,Llano de la Cruz,,
,Acaponeta,6,41,La Cortéz (El Zapote) ,,
,Acaponeta,6,42,San Francisco,,
,Acaponeta,6,43,El Resbalón,,
,Acaponeta,6,46,La Guasima,,
,Acaponeta,7,25,La Lagunita,,
,Acaponeta,7,26,San Diego el Naranjo,,
,Acaponeta,7,27,Santa Cruz,,
,Acaponeta,7,28,San Diego de Alcalá,,
,Acaponeta,7,29,El Carrizo,,
,Acaponeta,7,30,San Diego de Arriba,,
,Acaponeta,7,31,San Dieguito de Abajo,,
,Acaponeta,7,32,Casas Coloradas,,
,Acaponeta,7,44,Mesa de Pedro y Pablo,,
,Acaponeta,7,45,El Montaje,,
,Acaponeta,7,47,San Miguel,,
,Acaponeta,7,48,Paloma Nueva Reforma,,
,Ahuacatlán,1,49,Ahuacatlán,,
,Ahuacatlán,1,50,Ahuacatlán,,
,Ahuacatlán,2,51,Ahuacatlán,,
,Ahuacatlán,2,52,Ahuacatlán,,
,Ahuacatlán,2,53,Ahuacatlán,,
,Ahuacatlán,2,54,Ahuacatlán,,
,Ahuacatlán,3,55,Santa Isabel,,
,Ahuacatlán,3,56,Santa Isabel,,
,Ahuacatlán,3,57,Tetitlán,,
,Ahuacatlán,3,58,Valle Verde,,
,Ahuacatlán,4,59,Uzeta,,
,Ahuacatlán,4,64,Las Palmas,,
,Ahuacatlán,4,65,Santa Cruz de Camotlán,,
,Ahuacatlán,5,60,Marquezado,,
,Ahuacatlán,5,61,Heriberto Jara,,
,Ahuacatlán,5,62,La Ciénega,,
,Ahuacatlán,5,63,Zoatlán,,
,Amatlán de Cañas,1,66,Amatlán de Cañas,,
,Amatlán de Cañas,1,67,Amatlán de Cañas,,
,Amatlán de Cañas,1,68,Amatlán de Cañas,,
,Amatlán de Cañas,1,69,Amatlán de Cañas,,
,Amatlán de Cañas,1,70,Amatlán de Cañas,,
,Amatlán de Cañas,2,84,Pie de la Cuesta,,
,Amatlán de Cañas,2,86,La Yerbabuena,,
,Amatlán de Cañas,2,87,El Copalillo,,
,Amatlán de Cañas,2,88,San Blasito,,
,Amatlán de Cañas,2,89,Jesús María ,,
,Amatlán de Cañas,3,80,Estancia de los López,,
,Amatlán de Cañas,3,81,Estancia de los López,,
,Amatlán de Cañas,3,82,Estancia de los López,,
,Amatlán de Cañas,3,83,Estancia de los López,,
,Amatlán de Cañas,4,77,El Rosario,,
,Amatlán de Cañas,4,78,El Rosario,,
,Amatlán de Cañas,4,79,Tepezhuacán,,
,Amatlán de Cañas,5,71,Cerritos,,
,Amatlán de Cañas,5,72,San Valentín,,
,Amatlán de Cañas,5,73,Las Anonas,,
,Amatlán de Cañas,5,74,Barranca del Oro,,
,Amatlán de Cañas,5,75,Mezquites,,
,Amatlán de Cañas,5,76,Los Agrios,,
,Bahía de Banderas,1,91,Lo de Marcos,,
,Bahía de Banderas,1,92,Lo de Marcos,,
,Bahía de Banderas,1,96,San Francisco,,
,Bahía de Banderas,1,98,Sayulita,,
,Bahía de Banderas,1,109,La Higuera Blanca ,,
,Bahía de Banderas,1,110,Fraccionamiento Emiliano Zapata (Punta de Mita),,
,Bahía de Banderas,2,112,Bucerías,,
,Bahía de Banderas,2,113,Bucerías,,
,Bahía de Banderas,2,114,La Cruz de Huanacaxtle,,
,Bahía de Banderas,3,111,Bucerías,,
,Bahía de Banderas,3,118,San Vicente,,
,Bahía de Banderas,4,90,Mezcales,,
,Bahía de Banderas,5,121,Jarretaderas,,
,Bahía de Banderas,5,122,Jarretaderas,,
,Bahía de Banderas,5,123,Jarretaderas,,
,Bahía de Banderas,6,119,San Vicente,,
,Bahía de Banderas,6,120,El Porvenir,,
,Bahía de Banderas,7,115,San José del Valle,,
,Bahía de Banderas,7,116,San José del Valle,,
,Bahía de Banderas,7,117,San José del Valle,,
,Bahía de Banderas,8,99,San Juan Tapachula,,
,Bahía de Banderas,8,105,Valle de Banderas,,
,Bahía de Banderas,8,106,Valle de Banderas,,
,Bahía de Banderas,8,107,Valle de Banderas,,
,Bahía de Banderas,8,108,Valle de Banderas,,
,Bahía de Banderas,9,93,Fortuna de Vallejo,,
,Bahía de Banderas,9,94,Agua Milpa,,
,Bahía de Banderas,9,95,El Coatante,,
,Bahía de Banderas,9,97,El Colomo,,
,Bahía de Banderas,9,100,San Juan de Abajo,,
,Bahía de Banderas,9,101,San Juan de Abajo,,
,Bahía de Banderas,9,102,San Juan de Abajo,,
,Bahía de Banderas,9,103,San Juan de Abajo,,
,Bahía de Banderas,9,104,San Juan de Abajo,,
,Compostela,1,124,Compostela,,
,Compostela,1,125,Compostela,,
,Compostela,1,126,Compostela,,
,Compostela,1,127,Compostela,,
,Compostela,1,128,Compostela,,
,Compostela,1,129,Compostela,,
,Compostela,1,130,Compostela,,
,Compostela,1,131,Compostela,,
,Compostela,2,132,Compostela,,
,Compostela,2,133,Compostela,,
,Compostela,2,134,Compostela,,
,Compostela,2,135,Compostela,,
,Compostela,2,136,Compostela,,
,Compostela,2,137,Compostela,,
,Compostela,2,138,Compostela,,
,Compostela,3,140,Cumbre de Huicicila,,
,Compostela,3,141,Miravalles,,
,Compostela,3,142,El Refilión,,
,Compostela,3,143,Tepiqueños,,
,Compostela,3,155,Juan Escutia,,
,Compostela,3,156,Juan Escutia,,
,Compostela,3,171,Mazatán ,,
,Compostela,3,175,Felipe Carrillo Puerto,,
,Compostela,3,176,Felipe Carrillo Puerto,,
,Compostela,3,177,Zapotan,,
,Compostela,4,139,Otantes y Cantarranas,,
,Compostela,4,144,Ixtapa de la Concepción,,
,Compostela,4,145,Ixtapa de la Concepción,,
,Compostela,4,146,Coastecomatillo,,
,Compostela,4,147,El Paranal,,
,Compostela,4,148,Zacualpan,,
,Compostela,4,149,Zacualpan,,
,Compostela,4,150,Zacualpan,,
,Compostela,4,151,Zacualpan,,
,Compostela,4,152,Zacualpan,,
,Compostela,5,153,Paso de Mesillas,,
,Compostela,5,154,Paso de las Palmas,,
,Compostela,5,157,Las Piedras,,
,Compostela,5,159,Las Varas,,
,Compostela,5,160,Las Varas,,
,Compostela,5,161,Las Varas,,
,Compostela,5,162,Las Varas,,
,Compostela,5,163,Las Varas,,
,Compostela,5,164,Las Varas,,
,Compostela,6,158,Las Varas,,
,Compostela,6,165,Las Varas,,
,Compostela,6,166,Las Varas,,
,Compostela,6,167,Las Varas,,
,Compostela,6,168,Las Varas,,
,Compostela,6,169,Las Varas,,
,Compostela,7,170,Chacala,,
,Compostela,7,172,El Divisadero,,
,Compostela,7,179,Puerta de la Lima,,
,Compostela,7,180,Lima de Abajo,,
,Compostela,7,183,Peñita de Jaltemba,,
,Compostela,7,184,Peñita de Jaltemba,,
,Compostela,7,185,Peñita de Jaltemba,,
,Compostela,7,186,Peñita de Jaltemba,,
,Compostela,7,187,Peñita de Jaltemba,,
,Compostela,8,188,Peñita de Jaltemba,,
,Compostela,8,189,Peñita de Jaltemba,,
,Compostela,8,190,Rincón de Guayabitos,,
,Compostela,9,173,El Capomo,,
,Compostela,9,174,Mamey Grande de Arriba,,
,Compostela,9,178,Altavista,,
,Compostela,9,181,Bella Unión,,
,Compostela,9,182,El Tonino,,
,Compostela,9,191,La Cucaracha,,
,Compostela,9,192,El Monteón,,
,Compostela,9,193,Chulavista,,
,Compostela,9,194,Villamorelos,,
,Compostela,9,195,Úrsulo Galván,,
,El Nayar,1,257,Jesús María ,,
,El Nayar,1,258,Jesús María ,,
,El Nayar,2,260,San Juan Peyotán,,
,El Nayar,2,261,San Francisco,,
,El Nayar,2,264,Santa Rosa,,
,El Nayar,2,265,Santa Bárbara,,
,El Nayar,2,266,Arroyo de Camarones,,
,El Nayar,3,259,Santa Teresa,,
,El Nayar,4,263,Arroyo de Santiago,,
,El Nayar,4,267,Mesa del Nayar,,
,El Nayar,5,262,Dolores,,
,El Nayar,5,268,Santa Cruz de Guaybel,,
,El Nayar,5,271,San Miguel del Zapote,,
,El Nayar,5,274,San Rafael,,
,El Nayar,6,272,La Palmita (El Potrero),,
,El Nayar,6,273,Huaynamota,,
,El Nayar,6,275,San Pablo,,
,El Nayar,6,276,Naranjito de Copal,,
,El Nayar,7,269,Gavilanes,,
,El Nayar,7,270,Zoquipan,,
,Huajicori,1,196,Huajicori,,
,Huajicori,1,197,Huajicori,,
,Huajicori,2,206,San Francisco del Caimán,,
,Huajicori,2,208,Quiviquinta,,
,Huajicori,2,212,La Guasima,,
,Huajicori,2,213,Rodeo de Arriba,,
,Huajicori,2,214,La Estancia,,
,Huajicori,3,198,Contadero,,
,Huajicori,3,199,Mineral de Cucarachas,,
,Huajicori,3,200,Huitalota,,
,Huajicori,3,201,Las Campanas,,
,Huajicori,3,204,Acatita,,
,Huajicori,3,205,Guamuchilar,,
,Huajicori,4,202,San Andrés Milpillas,,
,Huajicori,4,203,Mesa de los Ricos,,
,Huajicori,5,207,Zapotillos,,
,Huajicori,5,209,La Providencia,,
,Huajicori,5,210,Santa María de Picachos,,
,Huajicori,5,211,El Riyito,,
,Ixtlán del Río,1,215,Ixtlán del Río ,,
,Ixtlán del Río,1,236,Mexpan,,
,Ixtlán del Río,2,223,Ixtlán del Río ,,
,Ixtlán del Río,2,224,Ixtlán del Río ,,
,Ixtlán del Río,2,225,Ixtlán del Río ,,
,Ixtlán del Río,2,226,Ixtlán del Río ,,
,Ixtlán del Río,3,216,Ixtlán del Río ,,
,Ixtlán del Río,3,222,Ixtlán del Río ,,
,Ixtlán del Río,4,217,Ixtlán del Río ,,
,Ixtlán del Río,4,218,Ixtlán del Río ,,
,Ixtlán del Río,5,227,Ixtlán del Río ,,
,Ixtlán del Río,5,228,Ixtlán del Río ,,
,Ixtlán del Río,5,229,Ixtlán del Río ,,
,Ixtlán del Río,5,230,Ixtlán del Río ,,
,Ixtlán del Río,5,231,Ixtlán del Río ,,
,Ixtlán del Río,6,219,Ixtlán del Río ,,
,Ixtlán del Río,6,220,Ixtlán del Río ,,
,Ixtlán del Río,6,221,Ixtlán del Río ,,
,Ixtlán del Río,7,232,Los Mezquites,,
,Ixtlán del Río,7,233,Cacalutan,,
,Ixtlán del Río,7,234,Rancho de Arriba,,
,Ixtlán del Río,7,235,San José de Gracia,,
,Ixtlán del Río,7,237,San Clemente,,
,Ixtlán del Río,7,238,El Terrero,,
,Jala,1,242,Jala,,
,Jala,1,243,Jala,,
,Jala,1,244,Jala,,
,Jala,2,239,Jala,,
,Jala,2,240,Jala,,
,Jala,2,241,Jala,,
,Jala,2,247,Coapan,,
,Jala,3,253,Jomulco,,
,Jala,3,254,Jomulco,,
,Jala,3,255,Jomulco,,
,Jala,3,256,Jomulco,,
,Jala,4,250,Cofradía de Juanacatlán,,
,Jala,4,251,Francisco I. Madero,,
,Jala,4,252,Los Aguajes,,
,Jala,5,245,Santa Fe,,
,Jala,5,246,El Ciruelo,,
,Jala,5,248,Rosa Blanca,,
,Jala,5,249,Rosa Blanca,,
,La Yesca,1,866,La Yesca,,
,La Yesca,1,872,Cortapico,,
,La Yesca,1,878,Apozolco,,
,La Yesca,2,873,Amatlán de Jora,,
,La Yesca,2,874,La Manga,,
,La Yesca,3,868,Puente de Camotlán,,
,La Yesca,3,869,Puente de Camotlán,,
,La Yesca,4,870,Huajimic,,
,La Yesca,4,875,El Carrizal,,
,La Yesca,4,876,Huanacaxtle,,
,La Yesca,5,867,Guadalupe Ocotlán,,
,Rosamorada,1,277,Rosamorada,,
,Rosamorada,1,278,Rosamorada,,
,Rosamorada,1,279,Rosamorada,,
,Rosamorada,1,280,Rosamorada,,
,Rosamorada,1,281,Rosamorada,,
,Rosamorada,1,282,Rosamorada,,
,Rosamorada,2,283,Francisco Villa,,
,Rosamorada,2,284,Bonita,,
,Rosamorada,2,286,Pescadero,,
,Rosamorada,2,287,San Miguelito,,
,Rosamorada,2,288,Llano del Tigre,,
,Rosamorada,2,289,Zomatlán,,
,Rosamorada,3,297,Paso Real del Bejuco,,
,Rosamorada,3,298,Chilapa,,
,Rosamorada,3,299,Chilapa,,
,Rosamorada,3,300,Chilapa,,
,Rosamorada,3,301,Colonia 18 de Marzo,,
,Rosamorada,3,309,La Boquita,,
,Rosamorada,4,302,Pericos,,
,Rosamorada,4,303,Pericos,,
,Rosamorada,4,304,Pericos,,
,Rosamorada,4,305,Pimientillo,,
,Rosamorada,4,306,Pimientillo,,
,Rosamorada,4,307,Los Medina,,
,Rosamorada,4,308,Vicente Guerrero,,
,Rosamorada,5,310,San Vicente,,
,Rosamorada,5,311,San Vicente,,
,Rosamorada,5,312,San Vicente,,
,Rosamorada,5,313,San Vicente,,
,Rosamorada,6,292,Mojocuautla,,
,Rosamorada,6,314,Tamarindo,,
,Rosamorada,6,315,Tamarindo,,
,Rosamorada,6,316,El Ochenta,,
,Rosamorada,6,317,Santa Fe,,
,Rosamorada,6,318,San Diego el Naranjo,,
,Rosamorada,6,319,San Juan Corapan,,
,Rosamorada,7,285,Teponahuaxtla,,
,Rosamorada,7,290,Paramita,,
,Rosamorada,7,291,San Juan Bautista,,
,Rosamorada,7,293,Los Arrayanes,,
,Rosamorada,7,294,San Marcos Cuyutlán,,
,Rosamorada,7,295,Cofradía de Cuyutlán,,
,Rosamorada,7,296,Las Pilas,,
,Ruiz,1,327,Ruiz,,
,Ruiz,1,343,Vado de San Pedro,,
,Ruiz,1,344,Heroico Batallón de San Blas,,
,Ruiz,2,320,Ruiz,,
,Ruiz,2,326,Ruiz,,
,Ruiz,3,321,Ruiz,,
,Ruiz,3,322,Ruiz,,
,Ruiz,3,325,Ruiz,,
,Ruiz,3,330,Ruiz,,
,Ruiz,4,323,Ruiz,,
,Ruiz,4,324,Ruiz,,
,Ruiz,5,328,Ruiz,,
,Ruiz,5,329,Ruiz,,
,Ruiz,5,331,Ruiz,,
,Ruiz,6,337,El Venado,,
,Ruiz,6,338,El Venado,,
,Ruiz,6,339,La Jarretadera,,
,Ruiz,6,340,La Laguna del Mar,,
,Ruiz,6,341,San Lorenzo,,
,Ruiz,6,342,Juan Escutia,,
,Ruiz,6,345,Puerta de Platanares,,
,Ruiz,7,332,Huicot,,
,Ruiz,7,333,San Pedro Ixcatlán,,
,Ruiz,7,334,El Naranjo,,
,Ruiz,7,335,El Carrizo,,
,Ruiz,7,336,El Zopilote,,
,Ruiz,7,346,Cordón de Jilguero,,
,San Blas,1,347,San Blas,,
,San Blas,1,351,San Blas,,
,San Blas,1,352,San Blas,,
,San Blas,2,348,San Blas,,
,San Blas,2,349,San Blas,,
,San Blas,2,350,San Blas,,
,San Blas,3,359,Guadalupe Victoria,,
,San Blas,3,360,Guadalupe Victoria,,
,San Blas,3,361,Guadalupe Victoria,,
,San Blas,3,362,Pimientillo,,
,San Blas,3,363,Playa Ramírez,,
,San Blas,3,368,Isla del Conde,,
,San Blas,3,369,Laureles y Góngora,,
,San Blas,3,370,El Limón,,
,San Blas,3,371,Boca del Asadero,,
,San Blas,4,353,La Goma,,
,San Blas,4,354,La Culebra,,
,San Blas,4,355,El Carleño,,
,San Blas,4,356,Aután,,
,San Blas,4,357,Aután,,
,San Blas,4,358,El Madrigaleño,,
,San Blas,4,364,El Capomo,,
,San Blas,4,372,La Chiripa,,
,San Blas,4,373,Chacalilla,,
,San Blas,5,365,Reforma Agraria,,
,San Blas,5,366,Huaristemba,,
,San Blas,5,367,Navarrete,,
,San Blas,5,374,Las Palmas,,
,San Blas,5,375,La Chiltera,,
,San Blas,5,376,La Libertad,,
,San Blas,5,377,Singayta,,
,San Blas,5,378,El Pintadeño,,
,San Blas,5,379,Puerto de Lindavista,,
,San Blas,5,380,Huaynamota,,
,San Blas,5,381,José María Mercado,,
,San Blas,6,382,Mecatán,,
,San Blas,6,383,Mecatán,,
,San Blas,6,387,Jalcocotán,,
,San Blas,6,388,Jalcocotán,,
,San Blas,6,389,Jalcocotán,,
,San Blas,6,390,Jalcocotán,,
,San Blas,7,384,La Bajada,,
,San Blas,7,385,La Palma,,
,San Blas,7,386,Atacama,,
,San Blas,7,391,Tecuitata,,
,San Blas,7,392,Santa Cruz,,
,San Blas,7,393,Santa Cruz,,
,San Blas,7,394,El Cora,,
,San Blas,7,395,El Llano,,
,San Blas,7,396,Jolotemba,,
,San Blas,7,397,El Espino,,
,San Pedro Lagunillas,1,398,San Pedro Lagunillas,,
,San Pedro Lagunillas,1,399,San Pedro Lagunillas,,
,San Pedro Lagunillas,2,401,San Pedro Lagunillas,,
,San Pedro Lagunillas,2,403,Milpillas bajas,,
,San Pedro Lagunillas,3,400,San Pedro Lagunillas,,
,San Pedro Lagunillas,3,402,Tepeltitic,,
,San Pedro Lagunillas,3,404,Las Guasimas,,
,San Pedro Lagunillas,4,405,Cerro Pelón,,
,San Pedro Lagunillas,4,406,Tequilita,,
,San Pedro Lagunillas,4,410,Coastecomate,,
,San Pedro Lagunillas,5,407,Amado Nervo,,
,San Pedro Lagunillas,5,408,Amado Nervo,,
,San Pedro Lagunillas,5,409,Amado Nervo,,
,Santa María del Oro,1,412,Santa María del Oro,,
,Santa María del Oro,2,411,Santa María del Oro,,
,Santa María del Oro,3,423,Cofradía de Acuitapilco,,
,Santa María del Oro,3,424,Real de Acuitapilco,,
,Santa María del Oro,3,427,Zapotanito,,
,Santa María del Oro,3,429,Tequepexpan,,
,Santa María del Oro,4,428,El Ocotillo,,
,Santa María del Oro,4,430,Chapalilla,,
,Santa María del Oro,4,431,Chapalilla,,
,Santa María del Oro,4,432,El Torreón,,
,Santa María del Oro,4,433,El Ahualamo,,
,Santa María del Oro,4,434,Las Mesitas,,
,Santa María del Oro,5,413,Las Cuevas,,
,Santa María del Oro,5,414,Bukingan,,
,Santa María del Oro,5,415,Colonia Moderna,,
,Santa María del Oro,5,417,Rincón de Calimayo,,
,Santa María del Oro,5,418,El Buruato,,
,Santa María del Oro,6,416,San José de Mojarras,,
,Santa María del Oro,6,419,Cerro Blanco,,
,Santa María del Oro,6,422,El Limón,,
,Santa María del Oro,6,426,El Ermitaño,,
,Santa María del Oro,7,420,La Labor,,
,Santa María del Oro,7,421,La Labor,,
,Santa María del Oro,7,425,San Leonel,,
,Santiago Ixcuintla,1,435,Santiago Ixcuintla,,
,Santiago Ixcuintla,1,436,Santiago Ixcuintla,,
,Santiago Ixcuintla,1,437,Santiago Ixcuintla,,
,Santiago Ixcuintla,1,438,Santiago Ixcuintla,,
,Santiago Ixcuintla,1,439,Santiago Ixcuintla,,
,Santiago Ixcuintla,1,440,Santiago Ixcuintla,,
,Santiago Ixcuintla,1,441,Santiago Ixcuintla,,
,Santiago Ixcuintla,1,450,Santiago Ixcuintla,,
,Santiago Ixcuintla,2,442,Santiago Ixcuintla,,
,Santiago Ixcuintla,2,443,Santiago Ixcuintla,,
,Santiago Ixcuintla,2,444,Santiago Ixcuintla,,
,Santiago Ixcuintla,2,445,Santiago Ixcuintla,,
,Santiago Ixcuintla,2,446,Santiago Ixcuintla,,
,Santiago Ixcuintla,2,447,Santiago Ixcuintla,,
,Santiago Ixcuintla,2,448,Santiago Ixcuintla,,
,Santiago Ixcuintla,2,449,Santiago Ixcuintla,,
,Santiago Ixcuintla,2,451,Santiago Ixcuintla,,
,Santiago Ixcuintla,2,452,Santiago Ixcuintla,,
,Santiago Ixcuintla,2,453,Santiago Ixcuintla,,
,Santiago Ixcuintla,2,454,Santiago Ixcuintla,,
,Santiago Ixcuintla,2,455,Santiago Ixcuintla,,
,Santiago Ixcuintla,2,456,Santiago Ixcuintla,,
,Santiago Ixcuintla,3,467,Aztlán,,
,Santiago Ixcuintla,3,468,San Miguel No. 2,,
,Santiago Ixcuintla,3,492,Gavilán Chico,,
,Santiago Ixcuintla,3,493,Sentispac,,
,Santiago Ixcuintla,3,494,Sentispac,,
,Santiago Ixcuintla,3,495,Sentispac,,
,Santiago Ixcuintla,3,496,Campo de los Limones,,
,Santiago Ixcuintla,3,500,Pueblo Nuevo,,
,Santiago Ixcuintla,3,501,Cerritos,,
,Santiago Ixcuintla,3,502,Gavilán Grande,,
,Santiago Ixcuintla,3,503,Amapa,,
,Santiago Ixcuintla,3,504,Amapa,,
,Santiago Ixcuintla,3,530,El Patroneño No. 1,,
,Santiago Ixcuintla,3,532,Botadero,,
,Santiago Ixcuintla,4,497,Boca de Camichín,,
,Santiago Ixcuintla,4,498,Los Corchos,,
,Santiago Ixcuintla,4,499,Toromocho,,
,Santiago Ixcuintla,4,534,Puerta de Mangos,,
,Santiago Ixcuintla,4,535,Puerta de Mangos,,
,Santiago Ixcuintla,4,536,Puerta de Mangos,,
,Santiago Ixcuintla,4,537,Cañada del Tabaco,,
,Santiago Ixcuintla,4,538,Cañada del Tabaco,,
,Santiago Ixcuintla,4,539,Villa Juárez,,
,Santiago Ixcuintla,4,540,Villa Juárez,,
,Santiago Ixcuintla,4,541,Villa Juárez,,
,Santiago Ixcuintla,4,542,Otates,,
,Santiago Ixcuintla,5,457,Palmar de Cuautla,,
,Santiago Ixcuintla,5,458,Puerta de Palapares,,
,Santiago Ixcuintla,5,459,Santa Cruz,,
,Santiago Ixcuintla,5,460,San Andrés,,
,Santiago Ixcuintla,5,461,Mayorquín,,
,Santiago Ixcuintla,5,462,El Mezcal,,
,Santiago Ixcuintla,5,463,Mezcaltitán,,
,Santiago Ixcuintla,5,464,Las Labores,,
,Santiago Ixcuintla,5,465,La Higuerita,,
,Santiago Ixcuintla,5,466,Rancho Nuevo,,
,Santiago Ixcuintla,6,469,El Limón,,
,Santiago Ixcuintla,6,470,Valle Morelos,,
,Santiago Ixcuintla,6,471,Pozo de Ibarra,,
,Santiago Ixcuintla,6,472,Pozo de Ibarra,,
,Santiago Ixcuintla,6,473,Pozo de Ibarra,,
,Santiago Ixcuintla,6,474,Pozo de Ibarra,,
,Santiago Ixcuintla,6,475,Paredones,,
,Santiago Ixcuintla,6,476,Pantano Grande,,
,Santiago Ixcuintla,6,487,Puerta Azul,,
,Santiago Ixcuintla,6,488,El Puente,,
,Santiago Ixcuintla,6,489,Colonia Emiliano Zapata,,
,Santiago Ixcuintla,6,490,Colonia Emiliano Zapata,,
,Santiago Ixcuintla,6,491,Pozo de Villa,,
,Santiago Ixcuintla,7,477,Acaponetilla,,
,Santiago Ixcuintla,7,478,Las Parejas,,
,Santiago Ixcuintla,7,479,El Cantón de Lozada,,
,Santiago Ixcuintla,7,480,Acatan de las Piñas,,
,Santiago Ixcuintla,7,481,Redención,,
,Santiago Ixcuintla,7,482,Yago,,
,Santiago Ixcuintla,7,483,Yago,,
,Santiago Ixcuintla,7,484,Yago,,
,Santiago Ixcuintla,7,485,El Capomal,,
,Santiago Ixcuintla,7,486,El Capomal,,
,Santiago Ixcuintla,7,512,Valle Lerma,,
,Santiago Ixcuintla,7,513,El Nanchi,,
,Santiago Ixcuintla,7,514,Corral de Piedra,,
,Santiago Ixcuintla,7,515,Vado del Cora,,
,Santiago Ixcuintla,7,516,El Tambor,,
,Santiago Ixcuintla,7,517,Mojarritas,,
,Santiago Ixcuintla,7,518,Las Higueritas,,
,Santiago Ixcuintla,8,505,La Presa,,
,Santiago Ixcuintla,8,506,La Presa,,
,Santiago Ixcuintla,8,507,La Presa,,
,Santiago Ixcuintla,8,508,La Presa,,
,Santiago Ixcuintla,8,509,San Isidro,,
,Santiago Ixcuintla,8,510,Valle Zaragoza,,
,Santiago Ixcuintla,8,511,El Tizate,,
,Santiago Ixcuintla,8,519,El Papalote,,
,Santiago Ixcuintla,8,533,El Turco,,
,Santiago Ixcuintla,8,543,El Corte,,
,Santiago Ixcuintla,8,544,El Corte,,
,Santiago Ixcuintla,8,545,Sauta ,,
,Santiago Ixcuintla,8,546,Sauta,,
,Santiago Ixcuintla,9,521,Villa Hidalgo,,
,Santiago Ixcuintla,9,522,Villa Hidalgo,,
,Santiago Ixcuintla,9,523,Villa Hidalgo,,
,Santiago Ixcuintla,9,524,Villa Hidalgo,,
,Santiago Ixcuintla,9,525,Villa Hidalgo,,
,Santiago Ixcuintla,9,526,Villa Hidalgo,,
,Santiago Ixcuintla,9,527,Villa Hidalgo,,
,Santiago Ixcuintla,9,528,Villa Hidalgo,,
,Santiago Ixcuintla,9,529,Villa Hidalgo,,
,Santiago Ixcuintla,9,530,Villa Hidalgo,,
,Santiago Ixcuintla,9,531,Villa Hidalgo,,
,Tecuala,1,550,Tecuala,,
,Tecuala,1,551,Tecuala,,
,Tecuala,1,559,Tecuala,,
,Tecuala,1,564,Tecuala,,
,Tecuala,1,570,Camalotita,,
,Tecuala,2,549,Tecuala,,
,Tecuala,2,552,Tecuala,,
,Tecuala,2,558,Tecuala,,
,Tecuala,2,560,Tecuala,,
,Tecuala,2,561,Tecuala,,
,Tecuala,2,562,Tecuala,,
,Tecuala,2,563,Tecuala,,
,Tecuala,3,547,Tecuala,,
,Tecuala,3,548,Tecuala,,
,Tecuala,3,553,Tecuala,,
,Tecuala,3,554,Tecuala,,
,Tecuala,3,555,Tecuala,,
,Tecuala,3,556,Tecuala,,
,Tecuala,3,557,Tecuala,,
,Tecuala,4,565,El Roblito,,
,Tecuala,4,566,Las Arenitas,,
,Tecuala,4,567,San Cayetano,,
,Tecuala,4,568,Pajaritos,,
,Tecuala,4,569,Huajuquilla,,
,Tecuala,4,579,Atotonilco,,
,Tecuala,4,580,Río Viejo,,
,Tecuala,4,582,Novillero,,
,Tecuala,5,577,Milpas Viejas,,
,Tecuala,5,578,Milpas Viejas,,
,Tecuala,5,581,Paso Hondo,,
,Tecuala,5,583,Quimichis,,
,Tecuala,5,584,Quimichis,,
,Tecuala,5,585,Quimichis,,
,Tecuala,5,586,Quimichis,,
,Tecuala,6,587,El Arrayán,,
,Tecuala,6,588,La Presa,,
,Tecuala,6,589,Tierras Generosas,,
,Tecuala,6,590,Palo Blanco,,
,Tecuala,6,591,El Limón,,
,Tecuala,6,592,Colonia Xochimilco,,
,Tecuala,6,593,Pozo de Higueras,,
,Tecuala,6,594,Los Morillos,,
,Tecuala,6,595,Antonio R Laureles,,
,Tecuala,6,596,Las Lumbres,,
,Tecuala,7,571,San Felipe Aztatán,,
,Tecuala,7,572,San Felipe Aztatán,,
,Tecuala,7,573,San Felipe Aztatán,,
,Tecuala,7,574,San Felipe Aztatán,,
,Tecuala,7,575,San Felipe Aztatán,,
,Tecuala,7,576,El Filo,,
,Tepic,1,597,Tepic,,
,Tepic,1,598,Tepic,,
,Tepic,1,599,Tepic,,
,Tepic,1,600,Tepic,,
,Tepic,1,601,Tepic,,
,Tepic,1,629,Tepic,,
,Tepic,1,630,Tepic,,
,Tepic,1,631,Tepic,,
,Tepic,1,632,Tepic,,
,Tepic,1,635,Tepic,,
,Tepic,1,636,Tepic,,
,Tepic,1,637,Tepic,,
,Tepic,1,659,Tepic,,
,Tepic,1,660,Tepic,,
,Tepic,1,911,Tepic,,
,Tepic,1,912,Tepic,,
,Tepic,1,913,Tepic,,
,Tepic,1,914,Tepic,,
,Tepic,1,915,Tepic,,
,Tepic,1,916,Tepic,,
,Tepic,1,917,Tepic,,
,Tepic,2,602,Tepic,,
,Tepic,2,603,Tepic,,
,Tepic,2,604,Tepic,,
,Tepic,2,605,Tepic,,
,Tepic,2,606,Tepic,,
,Tepic,2,607,Tepic,,
,Tepic,2,623,Tepic,,
,Tepic,2,624,Tepic,,
,Tepic,2,625,Tepic,,
,Tepic,2,626,Tepic,,
,Tepic,2,627,Tepic,,
,Tepic,2,628,Tepic,,
,Tepic,2,638,Tepic,,
,Tepic,2,639,Tepic,,
,Tepic,2,640,Tepic,,
,Tepic,2,641,Tepic,,
,Tepic,2,642,Tepic,,
,Tepic,2,654,Tepic,,
,Tepic,2,655,Tepic,,
,Tepic,2,656,Tepic,,
,Tepic,2,657,Tepic,,
,Tepic,2,658,Tepic,,
,Tepic,2,667,Tepic,,
,Tepic,2,668,Tepic,,
,Tepic,3,614,Tepic,,
,Tepic,3,615,Tepic,,
,Tepic,3,616,Tepic,,
,Tepic,3,617,Tepic,,
,Tepic,3,618,Tepic,,
,Tepic,3,619,Tepic,,
,Tepic,3,620,Tepic,,
,Tepic,3,621,Tepic,,
,Tepic,3,622,Tepic,,
,Tepic,3,643,Tepic,,
,Tepic,3,644,Tepic,,
,Tepic,3,649,Tepic,,
,Tepic,3,650,Tepic,,
,Tepic,3,651,Tepic,,
,Tepic,3,652,Tepic,,
,Tepic,3,879,Tepic,,
,Tepic,3,880,Tepic,,
,Tepic,3,881,Tepic,,
,Tepic,3,882,Tepic,,
,Tepic,3,883,Tepic,,
,Tepic,3,884,Tepic,,
,Tepic,3,885,Tepic,,
,Tepic,3,886,Tepic,,
,Tepic,3,887,Tepic,,
,Tepic,3,888,Tepic,,
,Tepic,3,889,Tepic,,
,Tepic,3,890,Tepic,,
,Tepic,3,891,Tepic,,
,Tepic,3,892,Tepic,,
,Tepic,3,893,Tepic,,
,Tepic,3,894,Tepic,,
,Tepic,3,895,Tepic,,
,Tepic,3,896,Tepic,,
,Tepic,3,897,Tepic,,
,Tepic,3,898,Tepic,,
,Tepic,4,612,Tepic,,
,Tepic,4,613,Tepic,,
,Tepic,4,645,Tepic,,
,Tepic,4,646,Tepic,,
,Tepic,4,647,Tepic,,
,Tepic,4,648,Tepic,,
,Tepic,4,653,Tepic,,
,Tepic,4,669,Tepic,,
,Tepic,4,670,Tepic,,
,Tepic,4,671,Tepic,,
,Tepic,4,672,Tepic,,
,Tepic,4,673,Tepic,,
,Tepic,4,674,Tepic,,
,Tepic,4,675,Tepic,,
,Tepic,4,676,Tepic,,
,Tepic,4,677,Tepic,,
,Tepic,4,681,Tepic,,
,Tepic,4,682,Tepic,,
,Tepic,4,683,Tepic,,
,Tepic,4,684,Tepic,,
,Tepic,4,685,Tepic,,
,Tepic,4,686,Tepic,,
,Tepic,4,687,Tepic,,
,Tepic,4,688,Tepic,,
,Tepic,4,689,Tepic,,
,Tepic,4,690,Tepic,,
,Tepic,4,691,Tepic,,
,Tepic,4,692,Tepic,,
,Tepic,4,697,Tepic,,
,Tepic,4,698,Tepic,,
,Tepic,4,699,Tepic,,
,Tepic,4,750,Tepic,,
,Tepic,4,899,Tepic,,
,Tepic,4,900,Tepic,,
,Tepic,4,901,Tepic,,
,Tepic,4,902,Tepic,,
,Tepic,4,903,Tepic,,
,Tepic,4,904,Tepic,,
,Tepic,4,905,Tepic,,
,Tepic,4,906,Tepic,,
,Tepic,4,907,Tepic,,
,Tepic,4,908,Tepic,,
,Tepic,4,909,Tepic,,
,Tepic,4,910,Tepic,,
,Tepic,5,678,Tepic,,
,Tepic,5,679,Tepic,,
,Tepic,5,680,Tepic,,
,Tepic,5,693,Tepic,,
,Tepic,5,694,Tepic,,
,Tepic,5,695,Tepic,,
,Tepic,5,696,Tepic,,
,Tepic,5,704,Tepic,,
,Tepic,5,705,Tepic,,
,Tepic,5,706,Tepic,,
,Tepic,5,707,Tepic,,
,Tepic,5,708,Tepic,,
,Tepic,5,709,Tepic,,
,Tepic,5,710,Tepic,,
,Tepic,5,712,Tepic,,
,Tepic,5,713,Tepic,,
,Tepic,5,714,Tepic,,
,Tepic,5,715,Tepic,,
,Tepic,5,725,Tepic,,
,Tepic,5,728,Tepic,,
,Tepic,6,736,Tepic,,
,Tepic,6,738,Tepic,,
,Tepic,6,747,Tepic,,
,Tepic,6,748,Tepic,,
,Tepic,6,923,Tepic,,
,Tepic,6,924,Tepic,,
,Tepic,6,925,Tepic,,
,Tepic,6,926,Tepic,,
,Tepic,6,927,Tepic,,
,Tepic,6,928,Tepic,,
,Tepic,6,929,Tepic,,
,Tepic,6,930,Tepic,,
,Tepic,6,931,Tepic,,
,Tepic,6,932,Tepic,,
,Tepic,6,933,Tepic,,
,Tepic,6,934,Tepic,,
,Tepic,6,935,Tepic,,
,Tepic,6,936,Tepic,,
,Tepic,6,937,Tepic,,
,Tepic,6,938,Tepic,,
,Tepic,6,939,Tepic,,
,Tepic,6,940,Tepic,,
,Tepic,6,941,Tepic,,
,Tepic,6,942,Tepic,,
,Tepic,6,943,Tepic,,
,Tepic,6,944,Tepic,,
,Tepic,7,749,Tepic,,
,Tepic,7,751,Tepic,,
,Tepic,7,756,Tepic,,
,Tepic,7,757,Tepic,,
,Tepic,7,759,Tepic,,
,Tepic,7,760,Tepic,,
,Tepic,7,761,Tepic,,
,Tepic,7,762,Tepic,,
,Tepic,7,763,Tepic,,
,Tepic,7,764,Tepic,,
,Tepic,7,766,Tepic,,
,Tepic,7,767,Tepic,,
,Tepic,7,809,Tepic,,
,Tepic,7,945,Tepic,,
,Tepic,7,946,Tepic,,
,Tepic,7,947,Tepic,,
,Tepic,7,948,Tepic,,
,Tepic,7,949,Tepic,,
,Tepic,7,950,Tepic,,
,Tepic,7,951,Tepic,,
,Tepic,7,952,Tepic,,
,Tepic,7,953,Tepic,,
,Tepic,7,954,Tepic,,
,Tepic,7,955,Tepic,,
,Tepic,7,956,Tepic,,
,Tepic,7,957,Tepic,,
,Tepic,7,958,Tepic,,
,Tepic,7,959,Tepic,,
,Tepic,7,960,Tepic,,
,Tepic,7,961,Tepic,,
,Tepic,7,962,Tepic,,
,Tepic,7,963,Tepic,,
,Tepic,7,964,Tepic,,
,Tepic,7,965,Tepic,,
,Tepic,7,966,Tepic,,
,Tepic,7,967,Tepic,,
,Tepic,7,968,Tepic,,
,Tepic,7,969,Tepic,,
,Tepic,7,970,Tepic,,
,Tepic,7,971,Tepic,,
,Tepic,8,610,Tepic,,
,Tepic,8,726,Tepic,,
,Tepic,8,727,Tepic,,
,Tepic,8,729,Tepic,,
,Tepic,8,731,Tepic,,
,Tepic,8,733,Tepic,,
,Tepic,8,734,Tepic,,
,Tepic,8,735,Tepic,,
,Tepic,8,739,Tepic,,
,Tepic,8,740,Tepic,,
,Tepic,8,741,Tepic,,
,Tepic,8,742,Tepic,,
,Tepic,8,743,Tepic,,
,Tepic,8,744,Tepic,,
,Tepic,8,745,Tepic,,
,Tepic,8,746,Tepic,,
,Tepic,8,752,Tepic,,
,Tepic,8,753,Tepic,,
,Tepic,8,754,Tepic,,
,Tepic,8,755,Tepic,,
,Tepic,8,765,Tepic,,
,Tepic,9,661,Tepic,,
,Tepic,9,662,Tepic,,
,Tepic,9,663,Tepic,,
,Tepic,9,664,Tepic,,
,Tepic,9,665,Tepic,,
,Tepic,9,666,Tepic,,
,Tepic,9,700,Tepic,,
,Tepic,9,701,Tepic,,
,Tepic,9,702,Tepic,,
,Tepic,9,703,Tepic,,
,Tepic,9,716,Tepic,,
,Tepic,9,717,Tepic,,
,Tepic,9,718,Tepic,,
,Tepic,9,719,Tepic,,
,Tepic,9,720,Tepic,,
,Tepic,9,721,Tepic,,
,Tepic,9,722,Tepic,,
,Tepic,9,723,Tepic,,
,Tepic,9,724,Tepic,,
,Tepic,9,730,Tepic,,
,Tepic,9,732,Tepic,,
,Tepic,9,918,Tepic,,
,Tepic,9,919,Tepic,,
,Tepic,9,920,Tepic,,
,Tepic,9,921,Tepic,,
,Tepic,9,922,Tepic,,
,Tepic,10,779,Fco. I Madero,,
,Tepic,10,780,Fco. I Madero,,
,Tepic,10,781,Fco. I Madero,,
,Tepic,10,782,Fco. I Madero,,
,Tepic,10,783,Fco. I Madero,,
,Tepic,10,784,Caleras de Cofrados,,
,Tepic,10,785,Santiago de Pochotitán,,
,Tepic,10,786,San Fernando,,
,Tepic,10,796,Colonia 6 de Enero,,
,Tepic,10,797,San Luis de Lozada,,
,Tepic,10,798,Mora,,
,Tepic,10,799,La Cantera,,
,Tepic,10,804,San Cayetano,,
,Tepic,10,805,San Cayetano,,
,Tepic,10,807,Camichín de Jauja,,
,Tepic,10,808,El Refugio,,
,Tepic,11,768,La Esperanza,,
,Tepic,11,769,Mesa de Picachos,,
,Tepic,11,770,El Jicote,,
,Tepic,11,771,Salazares,,
,Tepic,11,772,Jesús María Cortés,,
,Tepic,11,773,5 de mayo,,
,Tepic,11,774,Atonalisco,,
,Tepic,11,775,Jumatán,,
,Tepic,11,776,El Limón,,
,Tepic,11,777,La Herradura,,
,Tepic,11,778,San Andrés,,
,Tepic,11,787,La Escondida,,
,Tepic,11,788,Bellavista,,
,Tepic,11,789,Bellavista,,
,Tepic,11,790,Benito Juárez,,
,Tepic,11,791,El Espino,,
,Tepic,11,792,El Trapichillo,,
,Tepic,11,793,La Barranca Blanca,,
,Tepic,11,794,El Rincón,,
,Tepic,11,795,La Fortuna,,
,Tepic,11,800,Las Delicias,,
,Tepic,11,801,Lo de Lamedo,,
,Tepic,11,802,La Yerba,,
,Tepic,11,803,Venustiano Carranza,,
,Tepic,11,806,El Aguacate,,
,Tuxpan,1,810,Tuxpan,,
,Tuxpan,1,811,Tuxpan,,
,Tuxpan,1,812,Tuxpan,,
,Tuxpan,1,815,Tuxpan,,
,Tuxpan,1,816,Tuxpan,,
,Tuxpan,2,813,Tuxpan,,
,Tuxpan,2,814,Tuxpan,,
,Tuxpan,2,830,Tuxpan,,
,Tuxpan,2,831,Tuxpan,,
,Tuxpan,3,817,Tuxpan,,
,Tuxpan,3,818,Tuxpan,,
,Tuxpan,3,819,Tuxpan,,
,Tuxpan,3,828,Tuxpan,,
,Tuxpan,3,829,Tuxpan,,
,Tuxpan,3,832,Tuxpan,,
,Tuxpan,3,833,Tuxpan,,
,Tuxpan,4,820,Tuxpan,,
,Tuxpan,4,821,Tuxpan,,
,Tuxpan,4,826,Tuxpan,,
,Tuxpan,4,827,Tuxpan,,
,Tuxpan,4,834,Tuxpan,,
,Tuxpan,4,835,Tuxpan,,
,Tuxpan,5,822,Tuxpan,,
,Tuxpan,5,823,Tuxpan,,
,Tuxpan,5,824,Tuxpan,,
,Tuxpan,5,825,Tuxpan,,
,Tuxpan,6,836,Unión de Corrientes,,
,Tuxpan,6,837,Palma Grande,,
,Tuxpan,6,838,Palma Grande,,
,Tuxpan,7,839,Peñitas,,
,Tuxpan,7,840,Peñitas,,
,Tuxpan,7,841,Coamiles,,
,Tuxpan,7,842,Coamiles,,
,Tuxpan,7,843,Coamiles,,
,Xalisco,1,844,Xalisco,,
,Xalisco,2,847,Xalisco,,
,Xalisco,3,845,Xalisco,,
,Xalisco,3,846,Xalisco,,
,Xalisco,4,848,Xalisco,,
,Xalisco,4,849,Xalisco,,
,Xalisco,4,850,Xalisco,,
,Xalisco,5,851,Xalisco,,
,Xalisco,5,852,Xalisco,,
,Xalisco,5,853,Xalisco,,
,Xalisco,5,854,Xalisco,,
,Xalisco,5,855,Xalisco,,
,Xalisco,6,857,Pantanal,,
,Xalisco,6,858,Pantanal,,
,Xalisco,6,859,Testerazo,,
,Xalisco,6,860,Trigomil,,
,Xalisco,6,865,La Curva,,
,Xalisco,7,856,Cuarenteño,,
,Xalisco,7,861,Aquiles Serdán,,
,Xalisco,7,862,El Matinal,,
,Xalisco,7,863,Cofradía de Chocolón,,
,Xalisco,7,864,Emiliano Zapata,,
,,,,,,